<?xml version="1.0" encoding="UTF-8"?>
<root>
  <item name="cn.app.library.picture.ucrop.PictureMultiCuttingActivity.GestureTypes">
    <annotation name="android.support.annotation.IntDef">
      <val name="value" val="{cn.app.library.picture.ucrop.PictureMultiCuttingActivity.NONE, cn.app.library.picture.ucrop.PictureMultiCuttingActivity.SCALE, cn.app.library.picture.ucrop.PictureMultiCuttingActivity.ROTATE, cn.app.library.picture.ucrop.PictureMultiCuttingActivity.ALL}" />
    </annotation>
  </item>
  <item name="cn.app.library.picture.ucrop.UCrop.Options void setAllowedGestures(int, int, int) 0">
    <annotation name="android.support.annotation.IntDef">
      <val name="value" val="{cn.app.library.picture.ucrop.UCropActivity.NONE, cn.app.library.picture.ucrop.UCropActivity.SCALE, cn.app.library.picture.ucrop.UCropActivity.ROTATE, cn.app.library.picture.ucrop.UCropActivity.ALL}" />
    </annotation>
  </item>
  <item name="cn.app.library.picture.ucrop.UCrop.Options void setAllowedGestures(int, int, int) 1">
    <annotation name="android.support.annotation.IntDef">
      <val name="value" val="{cn.app.library.picture.ucrop.UCropActivity.NONE, cn.app.library.picture.ucrop.UCropActivity.SCALE, cn.app.library.picture.ucrop.UCropActivity.ROTATE, cn.app.library.picture.ucrop.UCropActivity.ALL}" />
    </annotation>
  </item>
  <item name="cn.app.library.picture.ucrop.UCrop.Options void setAllowedGestures(int, int, int) 2">
    <annotation name="android.support.annotation.IntDef">
      <val name="value" val="{cn.app.library.picture.ucrop.UCropActivity.NONE, cn.app.library.picture.ucrop.UCropActivity.SCALE, cn.app.library.picture.ucrop.UCropActivity.ROTATE, cn.app.library.picture.ucrop.UCropActivity.ALL}" />
    </annotation>
  </item>
  <item name="cn.app.library.picture.ucrop.UCropActivity.GestureTypes">
    <annotation name="android.support.annotation.IntDef">
      <val name="value" val="{cn.app.library.picture.ucrop.UCropActivity.NONE, cn.app.library.picture.ucrop.UCropActivity.SCALE, cn.app.library.picture.ucrop.UCropActivity.ROTATE, cn.app.library.picture.ucrop.UCropActivity.ALL}" />
    </annotation>
  </item>
  <item name="cn.app.library.picture.ucrop.UCropMulti.Options void setAllowedGestures(int, int, int) 0">
    <annotation name="android.support.annotation.IntDef">
      <val name="value" val="{cn.app.library.picture.ucrop.PictureMultiCuttingActivity.NONE, cn.app.library.picture.ucrop.PictureMultiCuttingActivity.SCALE, cn.app.library.picture.ucrop.PictureMultiCuttingActivity.ROTATE, cn.app.library.picture.ucrop.PictureMultiCuttingActivity.ALL}" />
    </annotation>
  </item>
  <item name="cn.app.library.picture.ucrop.UCropMulti.Options void setAllowedGestures(int, int, int) 1">
    <annotation name="android.support.annotation.IntDef">
      <val name="value" val="{cn.app.library.picture.ucrop.PictureMultiCuttingActivity.NONE, cn.app.library.picture.ucrop.PictureMultiCuttingActivity.SCALE, cn.app.library.picture.ucrop.PictureMultiCuttingActivity.ROTATE, cn.app.library.picture.ucrop.PictureMultiCuttingActivity.ALL}" />
    </annotation>
  </item>
  <item name="cn.app.library.picture.ucrop.UCropMulti.Options void setAllowedGestures(int, int, int) 2">
    <annotation name="android.support.annotation.IntDef">
      <val name="value" val="{cn.app.library.picture.ucrop.PictureMultiCuttingActivity.NONE, cn.app.library.picture.ucrop.PictureMultiCuttingActivity.SCALE, cn.app.library.picture.ucrop.PictureMultiCuttingActivity.ROTATE, cn.app.library.picture.ucrop.PictureMultiCuttingActivity.ALL}" />
    </annotation>
  </item>
</root>

