<?xml version="1.0" encoding="UTF-8"?>
<root>
  <item name="cn.app.library.widget.glideimageview.ShapeImageView void setShapeType(int) 0">
    <annotation name="android.support.annotation.IntDef">
      <val name="value" val="{cn.app.library.widget.glideimageview.ShapeImageView.ShapeType.RECTANGLE, cn.app.library.widget.glideimageview.ShapeImageView.ShapeType.CIRCLE}" />
    </annotation>
  </item>
  <item name="cn.app.library.widget.glideimageview.ShapeImageView.ShapeType">
    <annotation name="android.support.annotation.IntDef">
      <val name="value" val="{cn.app.library.widget.glideimageview.ShapeImageView.ShapeType.RECTANGLE, cn.app.library.widget.glideimageview.ShapeImageView.ShapeType.CIRCLE}" />
    </annotation>
  </item>
</root>

