<?xml version="1.0" encoding="UTF-8"?>
<root>
  <item name="cn.app.library.utils.utilcode.constant.MemoryConstants.Unit">
    <annotation name="android.support.annotation.IntDef">
      <val name="value" val="{cn.app.library.utils.utilcode.constant.MemoryConstants.BYTE, cn.app.library.utils.utilcode.constant.MemoryConstants.KB, cn.app.library.utils.utilcode.constant.MemoryConstants.MB, cn.app.library.utils.utilcode.constant.MemoryConstants.GB}" />
    </annotation>
  </item>
  <item name="cn.app.library.utils.utilcode.constant.TimeConstants.Unit">
    <annotation name="android.support.annotation.IntDef">
      <val name="value" val="{cn.app.library.utils.utilcode.constant.TimeConstants.MSEC, cn.app.library.utils.utilcode.constant.TimeConstants.SEC, cn.app.library.utils.utilcode.constant.TimeConstants.MIN, cn.app.library.utils.utilcode.constant.TimeConstants.HOUR, cn.app.library.utils.utilcode.constant.TimeConstants.DAY}" />
    </annotation>
  </item>
</root>

