<?xml version="1.0" encoding="UTF-8"?>
<root>
  <item name="cn.app.library.utils.SpanUtils cn.app.library.utils.SpanUtils appendImage(android.graphics.Bitmap, int) 1">
    <annotation name="android.support.annotation.IntDef">
      <val name="value" val="{cn.app.library.utils.SpanUtils.ALIGN_BOTTOM, cn.app.library.utils.SpanUtils.ALIGN_BASELINE, cn.app.library.utils.SpanUtils.ALIGN_CENTER, cn.app.library.utils.SpanUtils.ALIGN_TOP}" />
    </annotation>
  </item>
  <item name="cn.app.library.utils.SpanUtils cn.app.library.utils.SpanUtils appendImage(android.graphics.drawable.Drawable, int) 1">
    <annotation name="android.support.annotation.IntDef">
      <val name="value" val="{cn.app.library.utils.SpanUtils.ALIGN_BOTTOM, cn.app.library.utils.SpanUtils.ALIGN_BASELINE, cn.app.library.utils.SpanUtils.ALIGN_CENTER, cn.app.library.utils.SpanUtils.ALIGN_TOP}" />
    </annotation>
  </item>
  <item name="cn.app.library.utils.SpanUtils cn.app.library.utils.SpanUtils appendImage(android.net.Uri, int) 1">
    <annotation name="android.support.annotation.IntDef">
      <val name="value" val="{cn.app.library.utils.SpanUtils.ALIGN_BOTTOM, cn.app.library.utils.SpanUtils.ALIGN_BASELINE, cn.app.library.utils.SpanUtils.ALIGN_CENTER, cn.app.library.utils.SpanUtils.ALIGN_TOP}" />
    </annotation>
  </item>
  <item name="cn.app.library.utils.SpanUtils cn.app.library.utils.SpanUtils appendImage(int, int) 1">
    <annotation name="android.support.annotation.IntDef">
      <val name="value" val="{cn.app.library.utils.SpanUtils.ALIGN_BOTTOM, cn.app.library.utils.SpanUtils.ALIGN_BASELINE, cn.app.library.utils.SpanUtils.ALIGN_CENTER, cn.app.library.utils.SpanUtils.ALIGN_TOP}" />
    </annotation>
  </item>
  <item name="cn.app.library.utils.SpanUtils cn.app.library.utils.SpanUtils setIconMargin(android.graphics.Bitmap, int, int) 2">
    <annotation name="android.support.annotation.IntDef">
      <val name="value" val="{cn.app.library.utils.SpanUtils.ALIGN_BOTTOM, cn.app.library.utils.SpanUtils.ALIGN_BASELINE, cn.app.library.utils.SpanUtils.ALIGN_CENTER, cn.app.library.utils.SpanUtils.ALIGN_TOP}" />
    </annotation>
  </item>
  <item name="cn.app.library.utils.SpanUtils cn.app.library.utils.SpanUtils setIconMargin(android.graphics.drawable.Drawable, int, int) 2">
    <annotation name="android.support.annotation.IntDef">
      <val name="value" val="{cn.app.library.utils.SpanUtils.ALIGN_BOTTOM, cn.app.library.utils.SpanUtils.ALIGN_BASELINE, cn.app.library.utils.SpanUtils.ALIGN_CENTER, cn.app.library.utils.SpanUtils.ALIGN_TOP}" />
    </annotation>
  </item>
  <item name="cn.app.library.utils.SpanUtils cn.app.library.utils.SpanUtils setIconMargin(android.net.Uri, int, int) 2">
    <annotation name="android.support.annotation.IntDef">
      <val name="value" val="{cn.app.library.utils.SpanUtils.ALIGN_BOTTOM, cn.app.library.utils.SpanUtils.ALIGN_BASELINE, cn.app.library.utils.SpanUtils.ALIGN_CENTER, cn.app.library.utils.SpanUtils.ALIGN_TOP}" />
    </annotation>
  </item>
  <item name="cn.app.library.utils.SpanUtils cn.app.library.utils.SpanUtils setIconMargin(int, int, int) 2">
    <annotation name="android.support.annotation.IntDef">
      <val name="value" val="{cn.app.library.utils.SpanUtils.ALIGN_BOTTOM, cn.app.library.utils.SpanUtils.ALIGN_BASELINE, cn.app.library.utils.SpanUtils.ALIGN_CENTER, cn.app.library.utils.SpanUtils.ALIGN_TOP}" />
    </annotation>
  </item>
  <item name="cn.app.library.utils.SpanUtils cn.app.library.utils.SpanUtils setLineHeight(int, int) 1">
    <annotation name="android.support.annotation.IntDef">
      <val name="value" val="{cn.app.library.utils.SpanUtils.ALIGN_BOTTOM, cn.app.library.utils.SpanUtils.ALIGN_BASELINE, cn.app.library.utils.SpanUtils.ALIGN_CENTER, cn.app.library.utils.SpanUtils.ALIGN_TOP}" />
    </annotation>
  </item>
  <item name="cn.app.library.utils.SpanUtils.Align">
    <annotation name="android.support.annotation.IntDef">
      <val name="value" val="{cn.app.library.utils.SpanUtils.ALIGN_BOTTOM, cn.app.library.utils.SpanUtils.ALIGN_BASELINE, cn.app.library.utils.SpanUtils.ALIGN_CENTER, cn.app.library.utils.SpanUtils.ALIGN_TOP}" />
    </annotation>
  </item>
</root>

