<?xml version="1.0" encoding="UTF-8"?>
<root>
  <item name="cn.app.library.utils.utilcode.util.ConvertUtils double byte2MemorySize(long, int) 1">
    <annotation name="android.support.annotation.IntDef">
      <val name="value" val="{cn.app.library.utils.utilcode.constant.MemoryConstants.BYTE, cn.app.library.utils.utilcode.constant.MemoryConstants.KB, cn.app.library.utils.utilcode.constant.MemoryConstants.MB, cn.app.library.utils.utilcode.constant.MemoryConstants.GB}" />
    </annotation>
  </item>
  <item name="cn.app.library.utils.utilcode.util.ConvertUtils long memorySize2Byte(long, int) 1">
    <annotation name="android.support.annotation.IntDef">
      <val name="value" val="{cn.app.library.utils.utilcode.constant.MemoryConstants.BYTE, cn.app.library.utils.utilcode.constant.MemoryConstants.KB, cn.app.library.utils.utilcode.constant.MemoryConstants.MB, cn.app.library.utils.utilcode.constant.MemoryConstants.GB}" />
    </annotation>
  </item>
  <item name="cn.app.library.utils.utilcode.util.ConvertUtils long millis2TimeSpan(long, int) 1">
    <annotation name="android.support.annotation.IntDef">
      <val name="value" val="{cn.app.library.utils.utilcode.constant.TimeConstants.MSEC, cn.app.library.utils.utilcode.constant.TimeConstants.SEC, cn.app.library.utils.utilcode.constant.TimeConstants.MIN, cn.app.library.utils.utilcode.constant.TimeConstants.HOUR, cn.app.library.utils.utilcode.constant.TimeConstants.DAY}" />
    </annotation>
  </item>
  <item name="cn.app.library.utils.utilcode.util.ConvertUtils long timeSpan2Millis(long, int) 1">
    <annotation name="android.support.annotation.IntDef">
      <val name="value" val="{cn.app.library.utils.utilcode.constant.TimeConstants.MSEC, cn.app.library.utils.utilcode.constant.TimeConstants.SEC, cn.app.library.utils.utilcode.constant.TimeConstants.MIN, cn.app.library.utils.utilcode.constant.TimeConstants.HOUR, cn.app.library.utils.utilcode.constant.TimeConstants.DAY}" />
    </annotation>
  </item>
  <item name="cn.app.library.utils.utilcode.util.LogUtils void file(int, java.lang.Object) 0">
    <annotation name="android.support.annotation.IntDef">
      <val name="value" val="{cn.app.library.utils.utilcode.util.LogUtils.V, cn.app.library.utils.utilcode.util.LogUtils.D, cn.app.library.utils.utilcode.util.LogUtils.I, cn.app.library.utils.utilcode.util.LogUtils.W, cn.app.library.utils.utilcode.util.LogUtils.E, cn.app.library.utils.utilcode.util.LogUtils.A}" />
    </annotation>
  </item>
  <item name="cn.app.library.utils.utilcode.util.LogUtils void file(int, java.lang.String, java.lang.Object) 0">
    <annotation name="android.support.annotation.IntDef">
      <val name="value" val="{cn.app.library.utils.utilcode.util.LogUtils.V, cn.app.library.utils.utilcode.util.LogUtils.D, cn.app.library.utils.utilcode.util.LogUtils.I, cn.app.library.utils.utilcode.util.LogUtils.W, cn.app.library.utils.utilcode.util.LogUtils.E, cn.app.library.utils.utilcode.util.LogUtils.A}" />
    </annotation>
  </item>
  <item name="cn.app.library.utils.utilcode.util.LogUtils void json(int, java.lang.String) 0">
    <annotation name="android.support.annotation.IntDef">
      <val name="value" val="{cn.app.library.utils.utilcode.util.LogUtils.V, cn.app.library.utils.utilcode.util.LogUtils.D, cn.app.library.utils.utilcode.util.LogUtils.I, cn.app.library.utils.utilcode.util.LogUtils.W, cn.app.library.utils.utilcode.util.LogUtils.E, cn.app.library.utils.utilcode.util.LogUtils.A}" />
    </annotation>
  </item>
  <item name="cn.app.library.utils.utilcode.util.LogUtils void json(int, java.lang.String, java.lang.String) 0">
    <annotation name="android.support.annotation.IntDef">
      <val name="value" val="{cn.app.library.utils.utilcode.util.LogUtils.V, cn.app.library.utils.utilcode.util.LogUtils.D, cn.app.library.utils.utilcode.util.LogUtils.I, cn.app.library.utils.utilcode.util.LogUtils.W, cn.app.library.utils.utilcode.util.LogUtils.E, cn.app.library.utils.utilcode.util.LogUtils.A}" />
    </annotation>
  </item>
  <item name="cn.app.library.utils.utilcode.util.LogUtils void xml(int, java.lang.String) 0">
    <annotation name="android.support.annotation.IntDef">
      <val name="value" val="{cn.app.library.utils.utilcode.util.LogUtils.V, cn.app.library.utils.utilcode.util.LogUtils.D, cn.app.library.utils.utilcode.util.LogUtils.I, cn.app.library.utils.utilcode.util.LogUtils.W, cn.app.library.utils.utilcode.util.LogUtils.E, cn.app.library.utils.utilcode.util.LogUtils.A}" />
    </annotation>
  </item>
  <item name="cn.app.library.utils.utilcode.util.LogUtils void xml(int, java.lang.String, java.lang.String) 0">
    <annotation name="android.support.annotation.IntDef">
      <val name="value" val="{cn.app.library.utils.utilcode.util.LogUtils.V, cn.app.library.utils.utilcode.util.LogUtils.D, cn.app.library.utils.utilcode.util.LogUtils.I, cn.app.library.utils.utilcode.util.LogUtils.W, cn.app.library.utils.utilcode.util.LogUtils.E, cn.app.library.utils.utilcode.util.LogUtils.A}" />
    </annotation>
  </item>
  <item name="cn.app.library.utils.utilcode.util.LogUtils.Config cn.app.library.utils.utilcode.util.LogUtils.Config setConsoleFilter(int) 0">
    <annotation name="android.support.annotation.IntDef">
      <val name="value" val="{cn.app.library.utils.utilcode.util.LogUtils.V, cn.app.library.utils.utilcode.util.LogUtils.D, cn.app.library.utils.utilcode.util.LogUtils.I, cn.app.library.utils.utilcode.util.LogUtils.W, cn.app.library.utils.utilcode.util.LogUtils.E, cn.app.library.utils.utilcode.util.LogUtils.A}" />
    </annotation>
  </item>
  <item name="cn.app.library.utils.utilcode.util.LogUtils.Config cn.app.library.utils.utilcode.util.LogUtils.Config setFileFilter(int) 0">
    <annotation name="android.support.annotation.IntDef">
      <val name="value" val="{cn.app.library.utils.utilcode.util.LogUtils.V, cn.app.library.utils.utilcode.util.LogUtils.D, cn.app.library.utils.utilcode.util.LogUtils.I, cn.app.library.utils.utilcode.util.LogUtils.W, cn.app.library.utils.utilcode.util.LogUtils.E, cn.app.library.utils.utilcode.util.LogUtils.A}" />
    </annotation>
  </item>
  <item name="cn.app.library.utils.utilcode.util.SnackbarUtils cn.app.library.utils.utilcode.util.SnackbarUtils setDuration(int) 0">
    <annotation name="android.support.annotation.IntDef">
      <val name="value" val="{cn.app.library.utils.utilcode.util.SnackbarUtils.LENGTH_INDEFINITE, cn.app.library.utils.utilcode.util.SnackbarUtils.LENGTH_SHORT, cn.app.library.utils.utilcode.util.SnackbarUtils.LENGTH_LONG}" />
    </annotation>
  </item>
  <item name="cn.app.library.utils.utilcode.util.SnackbarUtils.Duration">
    <annotation name="android.support.annotation.IntDef">
      <val name="value" val="{cn.app.library.utils.utilcode.util.SnackbarUtils.LENGTH_INDEFINITE, cn.app.library.utils.utilcode.util.SnackbarUtils.LENGTH_SHORT, cn.app.library.utils.utilcode.util.SnackbarUtils.LENGTH_LONG}" />
    </annotation>
  </item>
  <item name="cn.app.library.utils.utilcode.util.SpanUtils cn.app.library.utils.utilcode.util.SpanUtils appendImage(android.graphics.Bitmap, int) 1">
    <annotation name="android.support.annotation.IntDef">
      <val name="value" val="{cn.app.library.utils.utilcode.util.SpanUtils.ALIGN_BOTTOM, cn.app.library.utils.utilcode.util.SpanUtils.ALIGN_BASELINE, cn.app.library.utils.utilcode.util.SpanUtils.ALIGN_CENTER, cn.app.library.utils.utilcode.util.SpanUtils.ALIGN_TOP}" />
    </annotation>
  </item>
  <item name="cn.app.library.utils.utilcode.util.SpanUtils cn.app.library.utils.utilcode.util.SpanUtils appendImage(android.graphics.drawable.Drawable, int) 1">
    <annotation name="android.support.annotation.IntDef">
      <val name="value" val="{cn.app.library.utils.utilcode.util.SpanUtils.ALIGN_BOTTOM, cn.app.library.utils.utilcode.util.SpanUtils.ALIGN_BASELINE, cn.app.library.utils.utilcode.util.SpanUtils.ALIGN_CENTER, cn.app.library.utils.utilcode.util.SpanUtils.ALIGN_TOP}" />
    </annotation>
  </item>
  <item name="cn.app.library.utils.utilcode.util.SpanUtils cn.app.library.utils.utilcode.util.SpanUtils appendImage(android.net.Uri, int) 1">
    <annotation name="android.support.annotation.IntDef">
      <val name="value" val="{cn.app.library.utils.utilcode.util.SpanUtils.ALIGN_BOTTOM, cn.app.library.utils.utilcode.util.SpanUtils.ALIGN_BASELINE, cn.app.library.utils.utilcode.util.SpanUtils.ALIGN_CENTER, cn.app.library.utils.utilcode.util.SpanUtils.ALIGN_TOP}" />
    </annotation>
  </item>
  <item name="cn.app.library.utils.utilcode.util.SpanUtils cn.app.library.utils.utilcode.util.SpanUtils appendImage(int, int) 1">
    <annotation name="android.support.annotation.IntDef">
      <val name="value" val="{cn.app.library.utils.utilcode.util.SpanUtils.ALIGN_BOTTOM, cn.app.library.utils.utilcode.util.SpanUtils.ALIGN_BASELINE, cn.app.library.utils.utilcode.util.SpanUtils.ALIGN_CENTER, cn.app.library.utils.utilcode.util.SpanUtils.ALIGN_TOP}" />
    </annotation>
  </item>
  <item name="cn.app.library.utils.utilcode.util.SpanUtils cn.app.library.utils.utilcode.util.SpanUtils setIconMargin(android.graphics.Bitmap, int, int) 2">
    <annotation name="android.support.annotation.IntDef">
      <val name="value" val="{cn.app.library.utils.utilcode.util.SpanUtils.ALIGN_BOTTOM, cn.app.library.utils.utilcode.util.SpanUtils.ALIGN_BASELINE, cn.app.library.utils.utilcode.util.SpanUtils.ALIGN_CENTER, cn.app.library.utils.utilcode.util.SpanUtils.ALIGN_TOP}" />
    </annotation>
  </item>
  <item name="cn.app.library.utils.utilcode.util.SpanUtils cn.app.library.utils.utilcode.util.SpanUtils setIconMargin(android.graphics.drawable.Drawable, int, int) 2">
    <annotation name="android.support.annotation.IntDef">
      <val name="value" val="{cn.app.library.utils.utilcode.util.SpanUtils.ALIGN_BOTTOM, cn.app.library.utils.utilcode.util.SpanUtils.ALIGN_BASELINE, cn.app.library.utils.utilcode.util.SpanUtils.ALIGN_CENTER, cn.app.library.utils.utilcode.util.SpanUtils.ALIGN_TOP}" />
    </annotation>
  </item>
  <item name="cn.app.library.utils.utilcode.util.SpanUtils cn.app.library.utils.utilcode.util.SpanUtils setIconMargin(android.net.Uri, int, int) 2">
    <annotation name="android.support.annotation.IntDef">
      <val name="value" val="{cn.app.library.utils.utilcode.util.SpanUtils.ALIGN_BOTTOM, cn.app.library.utils.utilcode.util.SpanUtils.ALIGN_BASELINE, cn.app.library.utils.utilcode.util.SpanUtils.ALIGN_CENTER, cn.app.library.utils.utilcode.util.SpanUtils.ALIGN_TOP}" />
    </annotation>
  </item>
  <item name="cn.app.library.utils.utilcode.util.SpanUtils cn.app.library.utils.utilcode.util.SpanUtils setIconMargin(int, int, int) 2">
    <annotation name="android.support.annotation.IntDef">
      <val name="value" val="{cn.app.library.utils.utilcode.util.SpanUtils.ALIGN_BOTTOM, cn.app.library.utils.utilcode.util.SpanUtils.ALIGN_BASELINE, cn.app.library.utils.utilcode.util.SpanUtils.ALIGN_CENTER, cn.app.library.utils.utilcode.util.SpanUtils.ALIGN_TOP}" />
    </annotation>
  </item>
  <item name="cn.app.library.utils.utilcode.util.SpanUtils cn.app.library.utils.utilcode.util.SpanUtils setLineHeight(int, int) 1">
    <annotation name="android.support.annotation.IntDef">
      <val name="value" val="{cn.app.library.utils.utilcode.util.SpanUtils.ALIGN_BOTTOM, cn.app.library.utils.utilcode.util.SpanUtils.ALIGN_BASELINE, cn.app.library.utils.utilcode.util.SpanUtils.ALIGN_CENTER, cn.app.library.utils.utilcode.util.SpanUtils.ALIGN_TOP}" />
    </annotation>
  </item>
  <item name="cn.app.library.utils.utilcode.util.SpanUtils.Align">
    <annotation name="android.support.annotation.IntDef">
      <val name="value" val="{cn.app.library.utils.utilcode.util.SpanUtils.ALIGN_BOTTOM, cn.app.library.utils.utilcode.util.SpanUtils.ALIGN_BASELINE, cn.app.library.utils.utilcode.util.SpanUtils.ALIGN_CENTER, cn.app.library.utils.utilcode.util.SpanUtils.ALIGN_TOP}" />
    </annotation>
  </item>
  <item name="cn.app.library.utils.utilcode.util.TimeUtils java.lang.String getString(java.lang.String, java.text.DateFormat, long, int) 3">
    <annotation name="android.support.annotation.IntDef">
      <val name="value" val="{cn.app.library.utils.utilcode.constant.TimeConstants.MSEC, cn.app.library.utils.utilcode.constant.TimeConstants.SEC, cn.app.library.utils.utilcode.constant.TimeConstants.MIN, cn.app.library.utils.utilcode.constant.TimeConstants.HOUR, cn.app.library.utils.utilcode.constant.TimeConstants.DAY}" />
    </annotation>
  </item>
  <item name="cn.app.library.utils.utilcode.util.TimeUtils java.lang.String getString(java.lang.String, long, int) 2">
    <annotation name="android.support.annotation.IntDef">
      <val name="value" val="{cn.app.library.utils.utilcode.constant.TimeConstants.MSEC, cn.app.library.utils.utilcode.constant.TimeConstants.SEC, cn.app.library.utils.utilcode.constant.TimeConstants.MIN, cn.app.library.utils.utilcode.constant.TimeConstants.HOUR, cn.app.library.utils.utilcode.constant.TimeConstants.DAY}" />
    </annotation>
  </item>
  <item name="cn.app.library.utils.utilcode.util.TimeUtils java.lang.String getString(java.util.Date, java.text.DateFormat, long, int) 3">
    <annotation name="android.support.annotation.IntDef">
      <val name="value" val="{cn.app.library.utils.utilcode.constant.TimeConstants.MSEC, cn.app.library.utils.utilcode.constant.TimeConstants.SEC, cn.app.library.utils.utilcode.constant.TimeConstants.MIN, cn.app.library.utils.utilcode.constant.TimeConstants.HOUR, cn.app.library.utils.utilcode.constant.TimeConstants.DAY}" />
    </annotation>
  </item>
  <item name="cn.app.library.utils.utilcode.util.TimeUtils java.lang.String getString(java.util.Date, long, int) 2">
    <annotation name="android.support.annotation.IntDef">
      <val name="value" val="{cn.app.library.utils.utilcode.constant.TimeConstants.MSEC, cn.app.library.utils.utilcode.constant.TimeConstants.SEC, cn.app.library.utils.utilcode.constant.TimeConstants.MIN, cn.app.library.utils.utilcode.constant.TimeConstants.HOUR, cn.app.library.utils.utilcode.constant.TimeConstants.DAY}" />
    </annotation>
  </item>
  <item name="cn.app.library.utils.utilcode.util.TimeUtils java.lang.String getString(long, java.text.DateFormat, long, int) 3">
    <annotation name="android.support.annotation.IntDef">
      <val name="value" val="{cn.app.library.utils.utilcode.constant.TimeConstants.MSEC, cn.app.library.utils.utilcode.constant.TimeConstants.SEC, cn.app.library.utils.utilcode.constant.TimeConstants.MIN, cn.app.library.utils.utilcode.constant.TimeConstants.HOUR, cn.app.library.utils.utilcode.constant.TimeConstants.DAY}" />
    </annotation>
  </item>
  <item name="cn.app.library.utils.utilcode.util.TimeUtils java.lang.String getString(long, long, int) 2">
    <annotation name="android.support.annotation.IntDef">
      <val name="value" val="{cn.app.library.utils.utilcode.constant.TimeConstants.MSEC, cn.app.library.utils.utilcode.constant.TimeConstants.SEC, cn.app.library.utils.utilcode.constant.TimeConstants.MIN, cn.app.library.utils.utilcode.constant.TimeConstants.HOUR, cn.app.library.utils.utilcode.constant.TimeConstants.DAY}" />
    </annotation>
  </item>
  <item name="cn.app.library.utils.utilcode.util.TimeUtils java.lang.String getStringByNow(long, int) 1">
    <annotation name="android.support.annotation.IntDef">
      <val name="value" val="{cn.app.library.utils.utilcode.constant.TimeConstants.MSEC, cn.app.library.utils.utilcode.constant.TimeConstants.SEC, cn.app.library.utils.utilcode.constant.TimeConstants.MIN, cn.app.library.utils.utilcode.constant.TimeConstants.HOUR, cn.app.library.utils.utilcode.constant.TimeConstants.DAY}" />
    </annotation>
  </item>
  <item name="cn.app.library.utils.utilcode.util.TimeUtils java.lang.String getStringByNow(long, java.text.DateFormat, int) 2">
    <annotation name="android.support.annotation.IntDef">
      <val name="value" val="{cn.app.library.utils.utilcode.constant.TimeConstants.MSEC, cn.app.library.utils.utilcode.constant.TimeConstants.SEC, cn.app.library.utils.utilcode.constant.TimeConstants.MIN, cn.app.library.utils.utilcode.constant.TimeConstants.HOUR, cn.app.library.utils.utilcode.constant.TimeConstants.DAY}" />
    </annotation>
  </item>
  <item name="cn.app.library.utils.utilcode.util.TimeUtils java.util.Date getDate(java.lang.String, java.text.DateFormat, long, int) 3">
    <annotation name="android.support.annotation.IntDef">
      <val name="value" val="{cn.app.library.utils.utilcode.constant.TimeConstants.MSEC, cn.app.library.utils.utilcode.constant.TimeConstants.SEC, cn.app.library.utils.utilcode.constant.TimeConstants.MIN, cn.app.library.utils.utilcode.constant.TimeConstants.HOUR, cn.app.library.utils.utilcode.constant.TimeConstants.DAY}" />
    </annotation>
  </item>
  <item name="cn.app.library.utils.utilcode.util.TimeUtils java.util.Date getDate(java.lang.String, long, int) 2">
    <annotation name="android.support.annotation.IntDef">
      <val name="value" val="{cn.app.library.utils.utilcode.constant.TimeConstants.MSEC, cn.app.library.utils.utilcode.constant.TimeConstants.SEC, cn.app.library.utils.utilcode.constant.TimeConstants.MIN, cn.app.library.utils.utilcode.constant.TimeConstants.HOUR, cn.app.library.utils.utilcode.constant.TimeConstants.DAY}" />
    </annotation>
  </item>
  <item name="cn.app.library.utils.utilcode.util.TimeUtils java.util.Date getDate(java.util.Date, long, int) 2">
    <annotation name="android.support.annotation.IntDef">
      <val name="value" val="{cn.app.library.utils.utilcode.constant.TimeConstants.MSEC, cn.app.library.utils.utilcode.constant.TimeConstants.SEC, cn.app.library.utils.utilcode.constant.TimeConstants.MIN, cn.app.library.utils.utilcode.constant.TimeConstants.HOUR, cn.app.library.utils.utilcode.constant.TimeConstants.DAY}" />
    </annotation>
  </item>
  <item name="cn.app.library.utils.utilcode.util.TimeUtils java.util.Date getDate(long, long, int) 2">
    <annotation name="android.support.annotation.IntDef">
      <val name="value" val="{cn.app.library.utils.utilcode.constant.TimeConstants.MSEC, cn.app.library.utils.utilcode.constant.TimeConstants.SEC, cn.app.library.utils.utilcode.constant.TimeConstants.MIN, cn.app.library.utils.utilcode.constant.TimeConstants.HOUR, cn.app.library.utils.utilcode.constant.TimeConstants.DAY}" />
    </annotation>
  </item>
  <item name="cn.app.library.utils.utilcode.util.TimeUtils java.util.Date getDateByNow(long, int) 1">
    <annotation name="android.support.annotation.IntDef">
      <val name="value" val="{cn.app.library.utils.utilcode.constant.TimeConstants.MSEC, cn.app.library.utils.utilcode.constant.TimeConstants.SEC, cn.app.library.utils.utilcode.constant.TimeConstants.MIN, cn.app.library.utils.utilcode.constant.TimeConstants.HOUR, cn.app.library.utils.utilcode.constant.TimeConstants.DAY}" />
    </annotation>
  </item>
  <item name="cn.app.library.utils.utilcode.util.TimeUtils long getMillis(java.lang.String, java.text.DateFormat, long, int) 3">
    <annotation name="android.support.annotation.IntDef">
      <val name="value" val="{cn.app.library.utils.utilcode.constant.TimeConstants.MSEC, cn.app.library.utils.utilcode.constant.TimeConstants.SEC, cn.app.library.utils.utilcode.constant.TimeConstants.MIN, cn.app.library.utils.utilcode.constant.TimeConstants.HOUR, cn.app.library.utils.utilcode.constant.TimeConstants.DAY}" />
    </annotation>
  </item>
  <item name="cn.app.library.utils.utilcode.util.TimeUtils long getMillis(java.lang.String, long, int) 2">
    <annotation name="android.support.annotation.IntDef">
      <val name="value" val="{cn.app.library.utils.utilcode.constant.TimeConstants.MSEC, cn.app.library.utils.utilcode.constant.TimeConstants.SEC, cn.app.library.utils.utilcode.constant.TimeConstants.MIN, cn.app.library.utils.utilcode.constant.TimeConstants.HOUR, cn.app.library.utils.utilcode.constant.TimeConstants.DAY}" />
    </annotation>
  </item>
  <item name="cn.app.library.utils.utilcode.util.TimeUtils long getMillis(java.util.Date, long, int) 2">
    <annotation name="android.support.annotation.IntDef">
      <val name="value" val="{cn.app.library.utils.utilcode.constant.TimeConstants.MSEC, cn.app.library.utils.utilcode.constant.TimeConstants.SEC, cn.app.library.utils.utilcode.constant.TimeConstants.MIN, cn.app.library.utils.utilcode.constant.TimeConstants.HOUR, cn.app.library.utils.utilcode.constant.TimeConstants.DAY}" />
    </annotation>
  </item>
  <item name="cn.app.library.utils.utilcode.util.TimeUtils long getMillis(long, long, int) 2">
    <annotation name="android.support.annotation.IntDef">
      <val name="value" val="{cn.app.library.utils.utilcode.constant.TimeConstants.MSEC, cn.app.library.utils.utilcode.constant.TimeConstants.SEC, cn.app.library.utils.utilcode.constant.TimeConstants.MIN, cn.app.library.utils.utilcode.constant.TimeConstants.HOUR, cn.app.library.utils.utilcode.constant.TimeConstants.DAY}" />
    </annotation>
  </item>
  <item name="cn.app.library.utils.utilcode.util.TimeUtils long getMillisByNow(long, int) 1">
    <annotation name="android.support.annotation.IntDef">
      <val name="value" val="{cn.app.library.utils.utilcode.constant.TimeConstants.MSEC, cn.app.library.utils.utilcode.constant.TimeConstants.SEC, cn.app.library.utils.utilcode.constant.TimeConstants.MIN, cn.app.library.utils.utilcode.constant.TimeConstants.HOUR, cn.app.library.utils.utilcode.constant.TimeConstants.DAY}" />
    </annotation>
  </item>
  <item name="cn.app.library.utils.utilcode.util.TimeUtils long getTimeSpan(java.lang.String, java.lang.String, int) 2">
    <annotation name="android.support.annotation.IntDef">
      <val name="value" val="{cn.app.library.utils.utilcode.constant.TimeConstants.MSEC, cn.app.library.utils.utilcode.constant.TimeConstants.SEC, cn.app.library.utils.utilcode.constant.TimeConstants.MIN, cn.app.library.utils.utilcode.constant.TimeConstants.HOUR, cn.app.library.utils.utilcode.constant.TimeConstants.DAY}" />
    </annotation>
  </item>
  <item name="cn.app.library.utils.utilcode.util.TimeUtils long getTimeSpan(java.lang.String, java.lang.String, java.text.DateFormat, int) 3">
    <annotation name="android.support.annotation.IntDef">
      <val name="value" val="{cn.app.library.utils.utilcode.constant.TimeConstants.MSEC, cn.app.library.utils.utilcode.constant.TimeConstants.SEC, cn.app.library.utils.utilcode.constant.TimeConstants.MIN, cn.app.library.utils.utilcode.constant.TimeConstants.HOUR, cn.app.library.utils.utilcode.constant.TimeConstants.DAY}" />
    </annotation>
  </item>
  <item name="cn.app.library.utils.utilcode.util.TimeUtils long getTimeSpan(java.util.Date, java.util.Date, int) 2">
    <annotation name="android.support.annotation.IntDef">
      <val name="value" val="{cn.app.library.utils.utilcode.constant.TimeConstants.MSEC, cn.app.library.utils.utilcode.constant.TimeConstants.SEC, cn.app.library.utils.utilcode.constant.TimeConstants.MIN, cn.app.library.utils.utilcode.constant.TimeConstants.HOUR, cn.app.library.utils.utilcode.constant.TimeConstants.DAY}" />
    </annotation>
  </item>
  <item name="cn.app.library.utils.utilcode.util.TimeUtils long getTimeSpan(long, long, int) 2">
    <annotation name="android.support.annotation.IntDef">
      <val name="value" val="{cn.app.library.utils.utilcode.constant.TimeConstants.MSEC, cn.app.library.utils.utilcode.constant.TimeConstants.SEC, cn.app.library.utils.utilcode.constant.TimeConstants.MIN, cn.app.library.utils.utilcode.constant.TimeConstants.HOUR, cn.app.library.utils.utilcode.constant.TimeConstants.DAY}" />
    </annotation>
  </item>
  <item name="cn.app.library.utils.utilcode.util.TimeUtils long getTimeSpanByNow(java.lang.String, int) 1">
    <annotation name="android.support.annotation.IntDef">
      <val name="value" val="{cn.app.library.utils.utilcode.constant.TimeConstants.MSEC, cn.app.library.utils.utilcode.constant.TimeConstants.SEC, cn.app.library.utils.utilcode.constant.TimeConstants.MIN, cn.app.library.utils.utilcode.constant.TimeConstants.HOUR, cn.app.library.utils.utilcode.constant.TimeConstants.DAY}" />
    </annotation>
  </item>
  <item name="cn.app.library.utils.utilcode.util.TimeUtils long getTimeSpanByNow(java.lang.String, java.text.DateFormat, int) 2">
    <annotation name="android.support.annotation.IntDef">
      <val name="value" val="{cn.app.library.utils.utilcode.constant.TimeConstants.MSEC, cn.app.library.utils.utilcode.constant.TimeConstants.SEC, cn.app.library.utils.utilcode.constant.TimeConstants.MIN, cn.app.library.utils.utilcode.constant.TimeConstants.HOUR, cn.app.library.utils.utilcode.constant.TimeConstants.DAY}" />
    </annotation>
  </item>
  <item name="cn.app.library.utils.utilcode.util.TimeUtils long getTimeSpanByNow(java.util.Date, int) 1">
    <annotation name="android.support.annotation.IntDef">
      <val name="value" val="{cn.app.library.utils.utilcode.constant.TimeConstants.MSEC, cn.app.library.utils.utilcode.constant.TimeConstants.SEC, cn.app.library.utils.utilcode.constant.TimeConstants.MIN, cn.app.library.utils.utilcode.constant.TimeConstants.HOUR, cn.app.library.utils.utilcode.constant.TimeConstants.DAY}" />
    </annotation>
  </item>
  <item name="cn.app.library.utils.utilcode.util.TimeUtils long getTimeSpanByNow(long, int) 1">
    <annotation name="android.support.annotation.IntDef">
      <val name="value" val="{cn.app.library.utils.utilcode.constant.TimeConstants.MSEC, cn.app.library.utils.utilcode.constant.TimeConstants.SEC, cn.app.library.utils.utilcode.constant.TimeConstants.MIN, cn.app.library.utils.utilcode.constant.TimeConstants.HOUR, cn.app.library.utils.utilcode.constant.TimeConstants.DAY}" />
    </annotation>
  </item>
  <item name="cn.app.library.utils.utilcode.util.TimeUtils long millis2TimeSpan(long, int) 1">
    <annotation name="android.support.annotation.IntDef">
      <val name="value" val="{cn.app.library.utils.utilcode.constant.TimeConstants.MSEC, cn.app.library.utils.utilcode.constant.TimeConstants.SEC, cn.app.library.utils.utilcode.constant.TimeConstants.MIN, cn.app.library.utils.utilcode.constant.TimeConstants.HOUR, cn.app.library.utils.utilcode.constant.TimeConstants.DAY}" />
    </annotation>
  </item>
  <item name="cn.app.library.utils.utilcode.util.TimeUtils long timeSpan2Millis(long, int) 1">
    <annotation name="android.support.annotation.IntDef">
      <val name="value" val="{cn.app.library.utils.utilcode.constant.TimeConstants.MSEC, cn.app.library.utils.utilcode.constant.TimeConstants.SEC, cn.app.library.utils.utilcode.constant.TimeConstants.MIN, cn.app.library.utils.utilcode.constant.TimeConstants.HOUR, cn.app.library.utils.utilcode.constant.TimeConstants.DAY}" />
    </annotation>
  </item>
</root>

