<?xml version="1.0" encoding="UTF-8"?>
<root>
  <item name="cn.app.library.utils.subutil.util.ThreadPoolUtils ThreadPoolUtils(int, int) 0">
    <annotation name="android.support.annotation.IntDef">
      <val name="value" val="{cn.app.library.utils.subutil.util.ThreadPoolUtils.FixedThread, cn.app.library.utils.subutil.util.ThreadPoolUtils.CachedThread, cn.app.library.utils.subutil.util.ThreadPoolUtils.SingleThread}" />
    </annotation>
  </item>
  <item name="cn.app.library.utils.subutil.util.ThreadPoolUtils.Type">
    <annotation name="android.support.annotation.IntDef">
      <val name="value" val="{cn.app.library.utils.subutil.util.ThreadPoolUtils.FixedThread, cn.app.library.utils.subutil.util.ThreadPoolUtils.CachedThread, cn.app.library.utils.subutil.util.ThreadPoolUtils.SingleThread}" />
    </annotation>
  </item>
</root>

